mvir,mvir_p,mvir_m,cvir,cvir_p,cvir_m,methods,z,cl,refs
5.4,0.9,-0.9,3.8,0.9,-0.9,X-ray,0.003,Virgo,MC99.1
3.87,3.096,-3.096,1.35,1.08,-1.08,CM,0.003,Virgo,RI06.1
0.19,0.15200000000000002,-0.15200000000000002,11.41,9.128,-9.128,CM,0.0031,NGC 4636,RI06.1
0.59,0.472,-0.472,10.95,8.76,-8.76,CM,0.006,NGC 5846,RI06.1
0.375,0.011,-0.011,11.1,0.3,-0.3,X-ray,0.009,NGC 5044,GA06.1
4.1125,0.375,-0.375,12.412500000000001,2.265,-2.265,LOSVD,0.01,Abell 1060,WO10.1
11.525,1.44,-1.44,13.985,3.08,-3.08,X-ray,0.01,Abell 1060,BA14.1
4.4750000000000005,1.05,-1.05,23.0,16.0,-16.0,LOSVD,0.01,Abell 1060,LO06.1
9.97,0.58,-0.58,13.8775,1.0950000000000002,-1.0950000000000002,X-ray,0.011,Abell 3526,BA14.1
0.311,0.014,-0.014,17.0,1.0,-1.0,X-ray,0.0124,NGC 1550,GA06.1
2.7825,0.395,-0.395,7.635,2.23,-2.23,LOSVD,0.0139,Abell S805,WO10.1
0.263,0.078,-0.078,9.9,3.4,-3.4,X-ray,0.0149,NGC 2563,GA06.1
2.6449999999999996,0.33999999999999997,-0.33999999999999997,10.18,2.7,-2.7,LOSVD,0.0163,Abell 262,WO10.1
3.4524999999999997,0.815,-0.815,13.505,1.33,-1.33,X-ray,0.0163,Abell 262,BA14.1
2.85,1.1,-1.1,10.275000000000002,7.25,-7.25,LOSVD,0.0163,Abell 262,LO06.1
1.099,0.099,-0.099,8.8,0.7,-0.7,X-ray,0.0163,Abell 262,GA06.1
1.3,1.04,-1.04,8.3,6.640000000000001,-6.640000000000001,CM,0.018,Abell 194,RI03.1
0.229,0.012,-0.012,16.9,1.3,-1.3,X-ray,0.0185,NGC 533,GA06.1
1.8250000000000002,0.26,-0.26,8.72,2.5,-2.5,LOSVD,0.02,MKW 4,WO10.1
2.2625,2.205,-2.205,26.1675,4.154999999999999,-4.154999999999999,X-ray,0.02,MKW 4,BA14.1
0.624,0.033,-0.033,12.3,0.8,-0.8,X-ray,0.02,MKW 4,GA06.1
1.37,0.2,-0.2,5.17,0.28,-0.28,X-ray,0.02,MKW 4,VI06.1
2.59,2.072,-2.072,15.13,12.104000000000001,-12.104000000000001,CM,0.02,MKW 4,RI06.1
1.86,0.37,-0.37,8.48,3.57,-3.57,LOSVD,0.0218,Abell 3581,WO10.1
2.2875,1.535,-1.535,13.7,7.5,-7.5,X-ray,0.0218,Abell 3581,VO06.1
6.11,4.888000000000001,-4.888000000000001,21.9,17.52,-17.52,CM,0.022,Abell 1367,RI03.1
0.507,0.046,-0.046,9.5,0.8,-0.8,X-ray,0.0223,IC 1860,GA06.1
0.57,0.45599999999999996,-0.45599999999999996,5.75,4.6000000000000005,-4.6000000000000005,CM,0.0228,MKW 11,RI06.1
0.154,0.02,-0.02,14.6,2.3,-2.3,X-ray,0.023,NGC 5129,GA06.1
19.095,4.71,-4.71,3.885,1.33,-1.33,WL,0.023,Abell 1656,OK14.1
24.4675,7.605,-7.605,16.6,10.1,-10.1,WL,0.023,Abell 1656,KU07.1
11.675,5.550000000000001,-5.550000000000001,7.375,3.8499999999999996,-3.8499999999999996,WL,0.023,Abell 1656,GA09.1
63.7525,6.475,-6.475,1.9575,0.375,-0.375,X-ray,0.023,Abell 1656,BA14.1
12.9,10.32,-10.32,13.1,10.48,-10.48,CM,0.023,Abell 1656,RI03.1
13.9,4.0,-4.0,9.3,2.6762589928057556,-2.6762589928057556,LOSVD,0.023,Abell 1656,LO03.1
1.97,1.2558749999999999,-1.2558749999999999,8.0,5.1,-5.1,LOSVD,0.0233,Abell 779,AB11.1
1.5,0.24,-0.24,5.1525,1.525,-1.525,LOSVD,0.0233,Abell 779,WO10.1
2.94,2.352,-2.352,31.46,25.168000000000003,-25.168000000000003,CM,0.0233,Abell 779,RI06.1
0.26,0.20800000000000002,-0.20800000000000002,6.49,5.192,-5.192,CM,0.0257,NGC 4325,RI06.1
0.349,0.065,-0.065,11.2,1.4,-1.4,X-ray,0.0257,NGC 4325,GA06.1
0.47,0.376,-0.376,9.03,7.224,-7.224,CM,0.0264,RXC J2214.8+1350,RI06.1
0.504,0.041,-0.041,15.18,1.55,-1.55,X-ray,0.0267,RXC J2315.7-0222,DE10.1
7.52,2.29,-2.29,20.0875,4.145,-4.145,X-ray,0.0271,MKW 8,BA14.1
0.68,0.544,-0.544,7.0,5.6000000000000005,-5.6000000000000005,CM,0.0271,MKW 8,RI06.1
2.54,2.032,-2.032,9.8,7.840000000000001,-7.840000000000001,CM,0.0286,NGC 6338,RI06.1
3.76,0.55,-0.55,10.557500000000001,3.1449999999999996,-3.1449999999999996,LOSVD,0.029,Abell 539,WO10.1
9.42,1.8699999999999999,-1.8699999999999999,13.77,2.68,-2.68,X-ray,0.029,Abell 539,BA14.1
4.09,3.2720000000000002,-3.2720000000000002,19.0,15.200000000000001,-15.200000000000001,CM,0.029,Abell 539,RI03.1
9.844999999999999,1.2200000000000002,-1.2200000000000002,12.482500000000002,1.355,-1.355,X-ray,0.03,Abell 4038,BA14.1
1.45,1.16,-1.16,1.91,1.528,-1.528,CM,0.03,Abell 2197,RI06.1
15.72,2.09,-2.09,8.4125,0.345,-0.345,X-ray,0.03,Abell 2199,BA14.1
4.62,3.696,-3.696,5.39,4.312,-4.312,CM,0.03,Abell 2199,RI06.1
5.47,4.376,-4.376,9.8,7.840000000000001,-7.840000000000001,CM,0.03,Abell 2199,RI03.1
7.85,2.9,-2.9,15.425,11.25,-11.25,LOSVD,0.03,Abell 2199,LO06.1
6.0,4.800000000000001,-4.800000000000001,5.0,4.0,-4.0,LOSVD,0.03,Abell 2199,KE02.2
1.03,0.8240000000000001,-0.8240000000000001,14.8,11.840000000000002,-11.840000000000002,CM,0.0302,Zw1665,RI06.1
5.704999999999999,0.8,-0.8,8.5525,1.915,-1.915,LOSVD,0.031,Abell 2634,WO10.1
14.4075,1.965,-1.965,15.055,2.8600000000000003,-2.8600000000000003,X-ray,0.031,Abell 2634,BA14.1
10.227500000000001,1.135,-1.135,14.825,1.79,-1.79,X-ray,0.0311,IIIZw54,BA14.1
1.72,1.3760000000000001,-1.3760000000000001,9.16,7.328,-7.328,CM,0.0311,NGC 6107,RI06.1
1.303,0.187,-0.187,7.6,0.8,-0.8,X-ray,0.0314,ESO 5520200,GA06.1
8.2175,0.725,-0.725,9.625,1.37,-1.37,X-ray,0.0317,AWM 4,BA14.1
1.622,0.196,-0.196,8.9,0.8,-0.8,X-ray,0.0317,AWM 4,GA06.1
4.82,0.6399999999999999,-0.6399999999999999,4.465,0.8200000000000001,-0.8200000000000001,LOSVD,0.0329,Abell 496,WO10.1
10.392500000000002,1.415,-1.415,14.902500000000002,1.085,-1.085,X-ray,0.0329,Abell 496,BA14.1
3.53,2.824,-2.824,18.1,14.480000000000002,-14.480000000000002,CM,0.0329,Abell 496,RI03.1
5.3,1.1,-1.1,17.1,11.5,-11.5,LOSVD,0.0329,Abell 496,LO06.1
3.5825,0.5449999999999999,-0.5449999999999999,7.640000000000001,2.05,-2.05,LOSVD,0.0334,Abell 1314,WO10.1
2.18,1.7440000000000002,-1.7440000000000002,14.23,11.384,-11.384,CM,0.0334,Abell 1314,RI06.1
6.2275,0.975,-0.975,12.93,3.61,-3.61,LOSVD,0.0337,Abell 2063,WO10.1
12.797500000000001,1.915,-1.915,9.8725,0.475,-0.475,X-ray,0.0337,Abell 2063,BA14.1
132.25,88.3,-88.3,21.65,16.6,-16.6,X-ray,0.0347,2A 0335+096,VO06.1
2.86,0.49,-0.49,10.1,3.36,-3.36,LOSVD,0.0348,Abell 2052,WO10.1
10.142499999999998,1.725,-1.725,13.72,1.8,-1.8,X-ray,0.0348,Abell 2052,BA14.1
2.26,0.6208791208791209,-0.6208791208791209,9.1,2.5,-2.5,LOSVD,0.035,Abell 1142,AB11.1
3.39,2.712,-2.712,36.47,29.176000000000002,-29.176000000000002,CM,0.035,Abell 1142,RI06.1
12.612499999999999,1.475,-1.475,13.3725,5.345000000000001,-5.345000000000001,X-ray,0.035,Abell 2147,BA14.1
1.82,0.487,-0.487,8.8,1.0,-1.0,X-ray,0.0358,ESO 3060170,GA06.1
0.282,0.016,-0.016,9.9,0.9,-0.9,X-ray,0.0379,RGH89 080,GA06.1
1.44,0.38,-0.38,7.14,0.86,-0.86,X-ray,0.0382,MKW 9,PO05.1
1.44,0.18253521126760563,-0.18253521126760563,7.1,0.9,-0.9,X-ray,0.0382,MKW 9,PR05.1
10.282499999999999,1.5150000000000001,-1.5150000000000001,9.5825,2.525,-2.525,LOSVD,0.039,Abell 3571,WO10.1
35.415,4.43,-4.43,11.700000000000001,2.7,-2.7,X-ray,0.039,Abell 3571,BA14.1
1.485,0.29000000000000004,-0.29000000000000004,2.9350000000000005,0.87,-0.87,LOSVD,0.0398,Abell 1139,WO10.1
12.860000000000001,2.1,-2.1,7.4025,1.105,-1.105,X-ray,0.04,Abell 2657,BA14.1
8.3675,1.165,-1.165,4.4125,1.025,-1.025,LOSVD,0.04,Abell 576,WO10.1
27.3175,2.095,-2.095,5.8149999999999995,1.11,-1.11,X-ray,0.04,Abell 576,BA14.1
10.85,8.68,-8.68,14.1,11.280000000000001,-11.280000000000001,CM,0.04,Abell 576,RI03.1
1.17,0.9359999999999999,-0.9359999999999999,8.32,6.656000000000001,-6.656000000000001,CM,0.041,Abell 2589,RI06.1
12.065,1.54,-1.54,8.42,0.98,-0.98,X-ray,0.041,Abell 2589,BA14.1
2.8925,0.535,-0.535,12.299999999999999,4.12,-4.12,LOSVD,0.0411,Abell 2107,WO10.1
2.145,0.32,-0.32,3.235,0.8500000000000001,-0.8500000000000001,LOSVD,0.0415,Abell 2593,WO10.1
3.91,3.128,-3.128,15.07,12.056000000000001,-12.056000000000001,CM,0.0415,Abell 2593,RI06.1
0.39,0.31200000000000006,-0.31200000000000006,1.94,1.552,-1.552,CM,0.0424,Abell 295,RI06.1
1.04,0.8320000000000001,-0.8320000000000001,13.16,10.528,-10.528,CM,0.0432,Abell 160,RI06.1
1.5225,0.345,-0.345,3.9450000000000003,1.46,-1.46,LOSVD,0.0442,Abell 1983,WO10.1
1.97,0.82,-0.82,5.1,0.91,-0.91,X-ray,0.0442,Abell 1983,PO05.1
5.005,0.74,-0.74,4.222499999999999,1.005,-1.005,LOSVD,0.0446,Abell 119,WO10.1
32.06,3.98,-3.98,5.6125,0.325,-0.325,X-ray,0.0446,Abell 119,BA14.1
4.81,3.848,-3.848,8.25,6.6000000000000005,-6.6000000000000005,CM,0.0446,Abell 119,RI03.1
3.06,2.4480000000000004,-2.4480000000000004,3.45,2.7600000000000002,-2.7600000000000002,CM,0.0446,Abell 119,RI06.1
32.22,3.92,-3.92,9.7875,1.355,-1.355,X-ray,0.045,Abell 3376,BA14.1
13.157499999999999,3.245,-3.245,14.420000000000002,3.23,-3.23,X-ray,0.045,MKW 3S,BA14.1
3.08,1.0821621621621622,-1.0821621621621622,7.4,2.6,-2.6,LOSVD,0.0451,Abell 168,AB11.1
8.1975,2.255,-2.255,9.7925,0.355,-0.355,X-ray,0.0451,Abell 168,BA14.1
5.17,4.136,-4.136,6.84,5.472,-5.472,CM,0.0451,Abell 168,RI03.1
2.61,2.088,-2.088,10.03,8.024,-8.024,CM,0.0451,Abell 168,RI06.1
1.283,0.671,-0.671,6.3,1.8,-1.8,X-ray,0.0452,MS 0116.3-0115,GA06.1
3.56,0.54,-0.54,10.7875,3.1050000000000004,-3.1050000000000004,LOSVD,0.0455,Abell 957,WO10.1
3.25,2.6,-2.6,10.6,8.48,-8.48,CM,0.0455,Abell 957,RI06.1
9.09,1.31,-1.31,21.290000000000003,5.42,-5.42,X-ray,0.046,Abell 1736,BA14.1
16.724999999999998,1.49,-1.49,19.8,5.27,-5.27,X-ray,0.047,Abell 1644,BA14.1
4.4175,0.615,-0.615,3.31,0.81,-0.81,LOSVD,0.0478,Abell 4059,WO10.1
12.135,1.28,-1.28,12.375,2.66,-2.66,X-ray,0.0478,Abell 4059,BA14.1
25.885,3.1799999999999997,-3.1799999999999997,11.0275,1.065,-1.065,X-ray,0.048,Abell 3558,BA14.1
11.75,4.0,-4.0,5.4,3.5,-3.5,LOSVD,0.048,Abell 3558,LO06.1
6.032500000000001,1.245,-1.245,7.3275,2.505,-2.505,LOSVD,0.0484,Abell 376,WO10.1
4.82,3.8560000000000003,-3.8560000000000003,8.94,7.152,-7.152,CM,0.0484,SHK 352,RI06.1
16.325,2.0300000000000002,-2.0300000000000002,8.2,1.1,-1.1,X-ray,0.049,Abell 2717,BA14.1
1.842,0.122,-0.122,6.0,0.4,-0.4,X-ray,0.049,Abell 2717,GA06.1
1.92,0.25,-0.25,5.58,0.32,-0.32,X-ray,0.049,Abell 2717,PO05.1
1.92,0.13714285714285715,-0.13714285714285715,5.6,0.4,-0.4,X-ray,0.049,Abell 2717,PR05.1
16.55,1.77,-1.77,10.907499999999999,0.345,-0.345,X-ray,0.0499,Abell 3562,BA14.1
42.85,5.32,-5.32,5.065,0.49,-0.49,X-ray,0.05,Abell 3395,BA14.1
5.93,1.8047826086956522,-1.8047826086956522,23.0,7.0,-7.0,LOSVD,0.0503,Abell 671,AB11.1
5.675,0.89,-0.89,11.91,3.72,-3.72,LOSVD,0.0503,Abell 671,WO10.1
4.54,3.632,-3.632,15.61,12.488,-12.488,CM,0.0503,Abell 671,RI06.1
1.32,1.056,-1.056,6.55,5.24,-5.24,CM,0.0508,Abell 1291A,RI06.1
21.939999999999998,1.47,-1.47,12.002500000000001,1.645,-1.645,X-ray,0.051,Abell 3391,BA14.1
0.69,0.5519999999999999,-0.5519999999999999,3.98,3.184,-3.184,CM,0.0514,Abell 757,RI06.1
1.3,0.5,-0.5,1.3,0.5,-0.5,LOSVD,0.0515,Abell 1377,AB11.1
1.54,1.2320000000000002,-1.2320000000000002,3.17,2.536,-2.536,CM,0.0515,Abell 1377,RI06.1
3.23,1.292,-1.292,10.0,4.0,-4.0,LOSVD,0.0535,Abell 117,AB11.1
5.3725000000000005,2.295,-2.295,5.42,2.35,-2.35,WL,0.0538,Hydra A,OK15.1
1.15,0.47,-0.47,15.9,0.23,-0.23,X-ray,0.0538,Hydra A,DA01.1
4.09,5.39,-5.39,4.97,5.26,-5.26,WL,0.054,Abell 754,OK08.1
64.015,5.4,-5.4,1.5425,0.355,-0.355,X-ray,0.054,Abell 754,BA14.1
5.572500000000001,1.085,-1.085,4.6775,1.765,-1.765,LOSVD,0.0544,Abell 978,WO10.1
1.69,1.352,-1.352,7.16,5.728000000000001,-5.728000000000001,CM,0.0546,RXCJ1022.0+3830,RI06.1
31.1525,2.865,-2.865,12.225,1.72,-1.72,X-ray,0.055,Abell 3667,BA14.1
12.5425,1.545,-1.545,4.0375,0.845,-0.845,LOSVD,0.0557,Abell 85,WO10.1
34.364999999999995,5.140000000000001,-5.140000000000001,4.8575,0.32499999999999996,-0.32499999999999996,X-ray,0.0557,Abell 85,BA14.1
4.08,3.2640000000000002,-3.2640000000000002,5.93,4.744,-4.744,CM,0.0557,Abell 85,RI06.1
8.925,5.85,-5.85,8.635,3.95,-3.95,X-ray,0.0564,Sersic 159 03,VO06.1
67.4575,7.775,-7.775,1.8900000000000001,0.35,-0.35,X-ray,0.0564,Abell 2319,BA14.1
5.909999999999999,1.28,-1.28,8.0,3.53,-3.53,LOSVD,0.0569,Abell 133,WO10.1
20.365,3.35,-3.35,10.7025,0.335,-0.335,X-ray,0.0569,Abell 133,BA14.1
5.33,0.77,-0.77,6.28,0.53,-0.53,X-ray,0.0569,Abell 133,VI06.1
73.0275,8.135,-8.135,1.775,0.46,-0.46,X-ray,0.058,Abell 2256,BA14.1
3.8625,0.735,-0.735,6.7924999999999995,2.255,-2.255,LOSVD,0.0581,Abell 2415,WO10.1
1.68,1.344,-1.344,9.28,7.4239999999999995,-7.4239999999999995,CM,0.0582,Abell 2399,RI06.1
1.42,1.136,-1.136,5.04,4.032,-4.032,CM,0.0585,Abell 2169,RI06.1
1.94,0.22,-0.22,7.56,0.45,-0.45,X-ray,0.0586,Abell 1991,PO05.1
1.94,0.11524752475247524,-0.11524752475247524,7.575,0.45,-0.45,X-ray,0.0586,Abell 1991,PR05.1
1.94,0.3,-0.3,8.35,0.58,-0.58,X-ray,0.0586,Abell 1991,VI06.1
39.64,4.34,-4.34,11.0525,1.085,-1.085,X-ray,0.0594,Abell 3266,BA14.1
13.23,2.1500000000000004,-2.1500000000000004,9.584999999999999,2.52,-2.52,LOSVD,0.0597,Abell 3158,WO10.1
35.557500000000005,4.005,-4.005,3.0325,1.1150000000000002,-1.1150000000000002,X-ray,0.0597,Abell 3158,BA14.1
17.05,6.5,-6.5,7.25,5.0,-5.0,LOSVD,0.0597,Abell 3158,LO06.1
7.33,5.864000000000001,-5.864000000000001,13.06,10.448,-10.448,CM,0.0606,Abell 602,RI06.1
2.2975,0.5349999999999999,-0.5349999999999999,2.9250000000000003,1.1,-1.1,LOSVD,0.0623,Abell 3809,WO10.1
4.045,1.11,-1.11,2.4625000000000004,0.885,-0.885,LOSVD,0.0625,Abell 2734,WO10.1
0.94,0.752,-0.752,3.76,3.008,-3.008,CM,0.063,RXCJ1351.7+4622,RI06.1
8.0725,1.165,-1.165,8.5825,2.415,-2.415,LOSVD,0.063,Abell 1795,WO10.1
23.885,2.6799999999999997,-2.6799999999999997,5.86,0.96,-0.96,X-ray,0.063,Abell 1795,BA14.1
9.82,2.53,-2.53,5.942500000000001,1.0350000000000001,-1.0350000000000001,X-ray,0.063,Abell 1795,SC07.1
61.35000000000001,40.7,-40.7,5.4525,2.965,-2.965,X-ray,0.063,Abell 1795,VO06.1
10.1,1.01,-1.01,6.32,0.33,-0.33,X-ray,0.063,Abell 1795,VI06.1
0.2475,0.022,-0.022,4.59,0.52,-0.52,X-ray,0.0635,RXC J0216.7-4749,DE10.1
4.46,0.973090909090909,-0.973090909090909,5.5,1.2,-1.2,LOSVD,0.0648,Abell 1436,AB11.1
1.5,1.2000000000000002,-1.2000000000000002,2.71,2.168,-2.168,CM,0.0648,Abell 1436,RI06.1
15.09,1.51,-1.51,14.879999999999999,3.69,-3.69,X-ray,0.065,Abell 2124,BA14.1
9.42,7.5360000000000005,-7.5360000000000005,14.05,11.240000000000002,-11.240000000000002,CM,0.065,Abell 2124,RI06.1
0.29,0.23199999999999998,-0.23199999999999998,1.54,1.2320000000000002,-1.2320000000000002,CM,0.0653,Abell 2149,RI06.1
5.72,1.5599999999999998,-1.5599999999999998,11.0,3.0,-3.0,LOSVD,0.0684,Abell 1066,AB11.1
7.12,5.696000000000001,-5.696000000000001,14.3,11.440000000000001,-11.440000000000001,CM,0.0684,Abell 1066,RI06.1
4.6,3.6799999999999997,-3.6799999999999997,8.75,7.0,-7.0,CM,0.0701,RXCJ1115.5+5426,RI06.1
44.6625,4.404999999999999,-4.404999999999999,3.0149999999999997,0.36,-0.36,X-ray,0.0704,Abell 644,BA14.1
8.0,1.5999999999999999,-1.5999999999999999,6.0,1.2,-1.2,X-ray,0.0704,Abell 644,BU05.1
8.02,2.2914285714285714,-2.2914285714285714,4.9,1.4,-1.4,LOSVD,0.0714,Abell 1767,AB11.1
10.075000000000001,2.4699999999999998,-2.4699999999999998,3.645,1.33,-1.33,LOSVD,0.0714,Abell 1767,WO10.1
8.62,6.896,-6.896,7.97,6.376,-6.376,CM,0.0714,Abell 1767,RI06.1
5.765,1.33,-1.33,3.0725,1.225,-1.225,LOSVD,0.072,Abell 1691,WO10.1
51.3275,5.465,-5.465,3.0075000000000003,0.485,-0.485,X-ray,0.072,Abell 399,BA14.1
5.28,4.224,-4.224,10.96,8.768,-8.768,CM,0.0727,RXJ1053.7+5450,RI06.1
23.455,2.8099999999999996,-2.8099999999999996,17.252499999999998,0.905,-0.905,X-ray,0.073,Abell 2462,BA14.1
54.41,6.6899999999999995,-6.6899999999999995,3.3525,0.825,-0.825,X-ray,0.073,Abell 2065,BA14.1
1.66,0.9295999999999999,-0.9295999999999999,5.0,2.8,-2.8,LOSVD,0.0733,Abell 1238,AB11.1
0.57,0.45599999999999996,-0.45599999999999996,23.22,18.576,-18.576,CM,0.0737,Abell 2067,RI06.1
3.06,2.4480000000000004,-2.4480000000000004,8.66,6.928000000000001,-6.928000000000001,CM,0.0738,Abell 2064,RI06.1
16.6825,1.405,-1.405,13.51,2.64,-2.64,X-ray,0.074,Abell 1569,BA14.1
50.095,4.4799999999999995,-4.4799999999999995,4.365,0.48,-0.48,X-ray,0.0748,Abell 401,BA14.1
22.6275,3.065,-3.065,12.25,0.96,-0.96,X-ray,0.075,Abell 3112,BA14.1
14.049999999999999,9.299999999999999,-9.299999999999999,8.967500000000001,2.9349999999999996,-2.9349999999999996,X-ray,0.075,Abell 3112,VO06.1
2.76,0.9462857142857142,-0.9462857142857142,7.0,2.4,-2.4,LOSVD,0.0754,Abell 1424,AB11.1
5.0,4.0,-4.0,7.71,6.168,-6.168,CM,0.0754,Abell 1424,RI06.1
4.1075,0.815,-0.815,3.145,1.1,-1.1,LOSVD,0.0755,Abell 1190,WO10.1
3.9,3.12,-3.12,7.91,6.328,-6.328,CM,0.0755,Abell 1190,RI06.1
3.76,1.88,-1.88,16.0,8.0,-8.0,LOSVD,0.0756,Abell 1205,AB11.1
4.91,3.9280000000000004,-3.9280000000000004,2.78,2.2239999999999998,-2.2239999999999998,CM,0.0756,Abell 1205,RI06.1
1.41,1.128,-1.128,7.68,6.144,-6.144,CM,0.076,Abell 1173,RI06.1
7.63,1.6955555555555555,-1.6955555555555555,18.0,4.0,-4.0,LOSVD,0.0761,Abell 2670,AB11.1
8.3425,0.9850000000000001,-0.9850000000000001,12.33,3.0,-3.0,LOSVD,0.0761,Abell 2670,WO10.1
19.82,1.74,-1.74,7.095,1.46,-1.46,X-ray,0.0761,Abell 2670,BA14.1
2.56,2.048,-2.048,4.45,3.5600000000000005,-3.5600000000000005,CM,0.0761,Abell 2670,RI06.1
1.04,0.8320000000000001,-0.8320000000000001,5.22,4.176,-4.176,CM,0.0764,RXCJ1210.3+0523,RI06.1
39.160000000000004,4.63,-4.63,9.187500000000002,0.5549999999999999,-0.5549999999999999,X-ray,0.0767,Abell 2029,BA14.1
9.1425,0.825,-0.825,8.555,0.44999999999999996,-0.44999999999999996,X-ray,0.0767,Abell 2029,SC07.1
64.5,47.0,-47.0,5.62,2.16,-2.16,X-ray,0.0767,Abell 2029,VO06.1
12.76,1.33,-1.33,7.8,0.38,-0.38,X-ray,0.0767,Abell 2029,VI06.1
15.0,3.0,-3.0,5.8,1.1,-1.1,X-ray,0.0767,Abell 2029,LE03.1
40.545,5.1,-5.1,7.4725,0.545,-0.545,X-ray,0.0772,ZwCl 1215.1+0400,BA14.1
2.98,2.384,-2.384,8.79,7.032,-7.032,CM,0.0772,ZwCl 1215.1+0400,RI06.1
6.475,1.24,-1.24,4.985,1.6400000000000001,-1.6400000000000001,LOSVD,0.0782,Abell 1773,WO10.1
2.98,2.384,-2.384,12.63,10.104000000000001,-10.104000000000001,CM,0.0782,Abell 1773,RI06.1
5.48,1.37,-1.37,12.0,3.0,-3.0,LOSVD,0.0783,Abell 2061,AB11.1
7.56,6.048,-6.048,8.24,6.5920000000000005,-6.5920000000000005,CM,0.0783,Abell 2061,RI06.1
3.47,1.0988333333333333,-1.0988333333333333,6.0,1.9,-1.9,LOSVD,0.079,Abell 1809,AB11.1
5.125,0.77,-0.77,7.355,2.04,-2.04,LOSVD,0.079,Abell 1809,WO10.1
2.73,2.184,-2.184,3.87,3.096,-3.096,CM,0.079,Abell 1809,RI06.1
3.48,2.7840000000000003,-2.7840000000000003,5.94,4.752000000000001,-4.752000000000001,CM,0.0801,Abell 1035B,RI06.1
10.1,6.252380952380952,-6.252380952380952,21.0,13.0,-13.0,LOSVD,0.0801,Abell 2255,AB11.1
9.77,7.816,-7.816,7.75,6.2,-6.2,CM,0.0801,Abell 2255,RI06.1
0.909,0.536,-0.536,10.6,2.7,-2.7,X-ray,0.081,RXJ1159.8+5531,GA06.1
24.375,2.86,-2.86,5.760000000000001,0.97,-0.97,X-ray,0.0825,Abell 1651,BA14.1
1.13,0.9039999999999999,-0.9039999999999999,3.97,3.176,-3.176,CM,0.0827,RXJ1326.2+0013,RI06.1
0.9,0.7200000000000001,-0.7200000000000001,4.31,3.448,-3.448,CM,0.0832,MS 1306,RI06.1
1.98,1.584,-1.584,4.08,3.2640000000000002,-3.2640000000000002,CM,0.0836,Abell 2428,RI06.1
4.15,2.7666666666666666,-2.7666666666666666,18.0,12.0,-12.0,LOSVD,0.0837,Abell 1663,AB11.1
6.24,4.992000000000001,-4.992000000000001,5.34,4.272,-4.272,CM,0.0837,Abell 1663,RI06.1
1.67,0.35424242424242425,-0.35424242424242425,33.0,7.0,-7.0,LOSVD,0.0839,Abell 1459,AB11.1
7.8325000000000005,1.545,-1.545,2.3375000000000004,0.6950000000000001,-0.6950000000000001,LOSVD,0.0843,Abell 1650,WO10.1
54.822500000000005,4.455,-4.455,2.7775,0.495,-0.495,X-ray,0.0843,Abell 1650,BA14.1
2.05,1.64,-1.64,3.09,2.472,-2.472,CM,0.0843,Abell 1650,RI06.1
12.575,1.45,-1.45,10.8375,1.6549999999999998,-1.6549999999999998,X-ray,0.0852,Abell 2597,BA14.1
3.54,0.42,-0.42,7.59,0.63,-0.63,X-ray,0.0852,Abell 2597,PO05.1
4.14,2.97,-2.97,5.21,3.42,-3.42,WL,0.0856,Abell 1750N,OK08.1
2.69,2.33,-2.33,5.52,4.89,-4.89,WL,0.0856,Abell 1750C,OK08.1
3.44,2.7520000000000002,-2.7520000000000002,3.94,3.152,-3.152,CM,0.0856,Abell 1750,RI06.1
3.12,2.4960000000000004,-2.4960000000000004,3.24,2.5920000000000005,-2.5920000000000005,CM,0.0861,Abell 1552,RI06.1
9.76,7.808,-7.808,13.94,11.152000000000001,-11.152000000000001,CM,0.0863,Abell 2249,RI06.1
8.93,7.144,-7.144,14.45,11.56,-11.56,CM,0.0868,Abell 2245,RI06.1
17.4475,5.055,-5.055,4.852499999999999,1.475,-1.475,WL,0.088,Abell 478,OK15.1
29.1325,2.9450000000000003,-2.9450000000000003,6.04,0.66,-0.66,X-ray,0.088,Abell 478,BA14.1
16.3,2.8,-2.8,5.16,0.43,-0.43,X-ray,0.088,Abell 478,SC07.1
43.0,47.677980852915574,-47.677980852915574,2.8725,3.185,-3.185,X-ray,0.088,Abell 478,VO06.1
13.1,2.3,-2.3,5.52,0.49,-0.49,X-ray,0.088,Abell 478,PO05.1
12.51,1.88,-1.88,6.92,0.49,-0.49,X-ray,0.088,Abell 478,VI06.1
13.0,1.1818181818181819,-1.1818181818181819,5.5,0.5,-0.5,X-ray,0.088,Abell 478,PO04.1
24.925,4.65,-4.65,4.782500000000001,0.41500000000000004,-0.41500000000000004,X-ray,0.088,Abell 478,AL03.1
7.42,5.936,-5.936,6.1,4.88,-4.88,CM,0.0882,Abell 1885,RI06.1
4.8,3.84,-3.84,6.0,4.800000000000001,-4.800000000000001,CM,0.0899,Abell 1728,RI06.1
9.69,2.862954545454545,-2.862954545454545,4.4,1.3,-1.3,LOSVD,0.0903,Abell 2142,AB11.1
15.997499999999999,2.545,-2.545,2.53,0.73,-0.73,LOSVD,0.0903,Abell 2142,WO10.1
15.927499999999998,2.715,-2.715,5.675,0.8500000000000001,-0.8500000000000001,WL,0.0903,Abell 2142,UM09.1
17.07,7.49,-7.49,4.32,1.7,-1.7,WL,0.0903,Abell 2142,OK08.1
35.5025,3.415,-3.415,7.015,1.07,-1.07,X-ray,0.0903,Abell 2142,BA14.1
6.13,4.904,-4.904,2.66,2.128,-2.128,CM,0.0903,Abell 2142,RI06.1
2.19,0.27,-0.27,10.56,1.81,-1.81,X-ray,0.092,Abell 2700,ET11.1
5.19,4.152,-4.152,13.4,10.72,-10.72,CM,0.0923,Abell 971,RI06.1
5.617500000000001,1.385,-1.385,4.995,1.76,-1.76,LOSVD,0.0928,Abell 954,WO10.1
1.44,1.152,-1.152,0.85,0.68,-0.68,CM,0.0928,Abell 954,RI06.1
36.155,2.37,-2.37,6.9925,0.955,-0.955,X-ray,0.093,Abell 3921,BA14.1
6.6075,1.7149999999999999,-1.7149999999999999,2.0,1.04,-1.04,LOSVD,0.0961,Abell 2175,WO10.1
2.23,1.784,-1.784,0.93,0.7440000000000001,-0.7440000000000001,CM,0.0961,Abell 2175,RI06.1
4.61,0.59,-0.59,7.18,1.76,-1.76,X-ray,0.097,Abell 3911,ET11.1
2.59,2.072,-2.072,6.11,4.888000000000001,-4.888000000000001,CM,0.0971,Abell 2110,RI06.1
5.45,3.6333333333333333,-3.6333333333333333,39.0,26.0,-26.0,LOSVD,0.0972,Abell 2048,AB11.1
8.02,0.89,-0.89,5.86,0.85,-0.85,X-ray,0.098,Abell 3827,ET11.1
97.89500000000001,5.859999999999999,-5.859999999999999,5.8125,0.9550000000000001,-0.9550000000000001,X-ray,0.098,Abell 3827,BA14.1
48.2875,4.195,-4.195,3.3299999999999996,1.12,-1.12,X-ray,0.0997,Abell 2244,BA14.1
5.38,4.304,-4.304,5.02,4.016,-4.016,CM,0.0997,Abell 2244,RI06.1
39.71,3.76,-3.76,8.569999999999999,0.88,-0.88,X-ray,0.103,PKS0745-191,BA14.1
17.475,3.46,-3.46,8.0075,1.645,-1.645,X-ray,0.103,PKS0745-191,SC07.1
53.75,38.5,-38.5,7.3575,3.835,-3.835,X-ray,0.103,PKS0745-191,VO06.1
11.9,1.5,-1.5,6.62,0.5,-0.5,X-ray,0.103,PKS0745-191,PO05.1
22.25,4.8,-4.8,5.24,0.5,-0.5,X-ray,0.103,PKS0745-191,AL03.1
14.68,1.3900000000000001,-1.3900000000000001,11.845,0.9,-0.9,X-ray,0.104,Abell 1446,BA14.1
1.05,0.18,-0.18,16.755000000000003,4.42,-4.42,X-ray,0.108,RXCJ0049.4-2931,ET11.1
9.5,7.1,-7.1,2.4,1.9,-1.9,WL,0.1114,ZwCl0740.4+1740,SE14.1
8.2075,3.9350000000000005,-3.9350000000000005,3.3449999999999998,1.7,-1.7,WL,0.1114,ZwCl0740.4+1740,OK10.1
22.82,2.81,-2.81,4.0024999999999995,0.5750000000000001,-0.5750000000000001,X-ray,0.113,Abell 2034,ET11.1
10.24,6.14,-6.14,3.74,2.25,-2.25,WL,0.113,Abell 2034,OK08.1
27.435000000000002,2.57,-2.57,3.3000000000000003,0.8200000000000001,-0.8200000000000001,X-ray,0.113,Abell 2034,BA14.1
6.03,0.54,-0.54,4.0575,0.365,-0.365,X-ray,0.115,Abell 2051,ET11.1
13.0925,1.475,-1.475,9.482500000000002,1.065,-1.065,X-ray,0.117,Abell 1361,BA14.1
3.3,0.48,-0.48,9.1275,2.035,-2.035,X-ray,0.118,Abell 2050,ET11.1
2.65,0.25,-0.25,6.1375,0.595,-0.595,X-ray,0.118,Abell 3814,ET11.1
6.12,0.46,-0.46,4.085,0.28,-0.28,X-ray,0.119,RXC J1141.4-1216,ET11.1
27.22,2.92,-2.92,9.402500000000002,1.065,-1.065,X-ray,0.128,Abell 1664,BA14.1
3.44,0.22,-0.22,5.97,0.38,-0.38,X-ray,0.132,Abell 1084,ET11.1
3.5,1.3,-1.3,14.1,5.6,-5.6,X-ray,0.137,RXJ1416.4+2315,KH06.1
8.02,0.6,-0.6,3.9175,0.275,-0.275,X-ray,0.1375,Abell 1068,ET11.1
9.7325,0.9450000000000001,-0.9450000000000001,4.0424999999999995,0.28500000000000003,-0.28500000000000003,X-ray,0.1375,Abell 1068,BA14.1
6.9,0.65,-0.65,4.77,0.33,-0.33,X-ray,0.1375,Abell 1068,PO05.1
10.92,2.02,-2.02,4.4125000000000005,0.915,-0.915,X-ray,0.138,RXC J2218.6-3853,ET11.1
5.47,0.44,-0.44,5.29,0.44,-0.44,X-ray,0.141,RXCJ0605.8-3518,ET11.1
7.84,0.9,-0.9,5.5275,0.365,-0.365,X-ray,0.141,RXCJ0605.8-3518,BA14.1
12.14,3.23,-3.23,5.7,1.6,-1.6,X-ray,0.142,Abell 22,ET11.1
7.18,0.38,-0.38,7.65,0.59,-0.59,X-ray,0.143,Abell 1413,ET11.1
10.3525,1.245,-1.245,7.8149999999999995,0.72,-0.72,X-ray,0.143,Abell 1413,BA14.1
12.025,2.84,-2.84,5.7125,0.955,-0.955,X-ray,0.143,Abell 1413,SC07.1
7.59,0.82,-0.82,7.41,0.62,-0.62,X-ray,0.143,Abell 1413,PO05.1
12.73,1.47,-1.47,5.66,0.3,-0.3,X-ray,0.143,Abell 1413,VI06.1
7.73,1.45,-1.45,4.342499999999999,1.2149999999999999,-1.2149999999999999,X-ray,0.147,Abell 2328,ET11.1
9.55,1.83,-1.83,4.7175,1.135,-1.135,X-ray,0.148,RXCJ0547.6-3152,ET11.1
13.610000000000001,1.3900000000000001,-1.3900000000000001,5.3675,0.7849999999999999,-0.7849999999999999,X-ray,0.148,RXCJ0547.6-3152,BA14.1
20.06,1.5,-1.5,3.4125,0.195,-0.195,X-ray,0.152,Abell 2204,ET11.1
8.3,3.1,-3.1,9.0,7.9,-7.9,WL,0.152,Abell 2204,CO09.1
30.7825,3.4050000000000002,-3.4050000000000002,3.6475,0.505,-0.505,X-ray,0.152,Abell 2204,BA14.1
14.75,2.5,-2.5,8.0,1.3559322033898304,-1.3559322033898304,WL,0.152,Abell 2204,CL02.1
9.205,2.63,-2.63,12.897499999999999,3.135,-3.135,X-ray,0.152,Abell 2204,SC07.1
14.0,1.7,-1.7,5.86,0.46,-0.46,X-ray,0.152,Abell 2204,PO05.1
16.16,5.0,-5.0,6.5925,2.225,-2.225,X-ray,0.153,Abell 3888,ET11.1
5.1,1.4,-1.4,7.0,2.4,-2.4,WL,0.153,Abell 2009,SE14.1
4.0625,1.065,-1.065,7.1075,2.0549999999999997,-2.0549999999999997,WL,0.153,Abell 2009,OK10.1
15.32,2.59,-2.59,3.16,0.53,-0.53,X-ray,0.1527,Abell 907,ET11.1
7.7075000000000005,0.855,-0.855,8.182500000000001,1.225,-1.225,X-ray,0.1527,Abell 907,BA14.1
7.37,0.82,-0.82,6.61,0.75,-0.75,X-ray,0.1527,Abell 907,VI06.1
8.7325,1.025,-1.025,8.3475,0.275,-0.275,X-ray,0.159,Abell 1240,BA14.1
9.18,0.64,-0.64,4.81,0.29000000000000004,-0.29000000000000004,X-ray,0.161,RXCJ2014.8-2430,ET11.1
12.9575,1.815,-1.815,4.9425,0.7949999999999999,-0.7949999999999999,X-ray,0.161,RXCJ2014.8-2430,BA14.1
5.2,1.8,-1.8,10.7,5.0,-5.0,WL,0.164,RXJ1720.1+2638,SE14.1
4.3925,1.435,-1.435,10.620000000000001,4.34,-4.34,WL,0.164,RXJ1720.1+2638,OK10.1
8.45,1.34,-1.34,5.9375,1.2850000000000001,-1.2850000000000001,X-ray,0.167,Abell 3404,ET11.1
6.3100000000000005,0.73,-0.73,8.072500000000002,1.0550000000000002,-1.0550000000000002,X-ray,0.169,Abell 1201,BA14.1
32.9,21.8,-21.8,1.4,0.5,-0.5,WL,0.171,Abell 586,SE14.1
7.9775,2.4850000000000003,-2.4850000000000003,9.13,3.02,-3.02,WL,0.171,Abell 586,OK10.1
8.77,4.56,-4.56,4.13,2.79,-2.79,WL,0.171,Abell 1914,OK08.1
114.4525,8.215,-8.215,1.47,0.48,-0.48,X-ray,0.171,Abell 1914,BA14.1
5.52,0.86,-0.86,8.8225,2.4850000000000003,-2.4850000000000003,X-ray,0.175,Abell 2218,ET11.1
15.99,3.76,-3.76,8.63,1.6,-1.6,WL,0.175,Abell 2218,BA07.1
7.5625,0.965,-0.965,8.8775,2.495,-2.495,X-ray,0.175,Abell 2218,BA14.1
51.6,25.3,-25.3,0.3,0.1,-0.1,WL,0.1765,Abell 2345,SE14.1
14.3,6.4,-6.4,3.2,1.7,-1.7,WL,0.18,Abell 750,SE14.1
19.7,2.0,-2.0,14.975000000000001,4.35,-4.35,WL,0.18,Abell 1689,UM08.1
21.0,1.7,-1.7,12.774999999999999,0.95,-0.95,WL+SL,0.18,Abell 1689,UM08.1
23.525,2.65,-2.65,11.575,1.45,-1.45,SL,0.18,Abell 1689,CO10.1
20.5,4.4,-4.4,13.32,3.48,-3.48,WL,0.18,Abell 1689,UM15.1
29.0,5.3,-5.3,10.86,1.54,-1.54,SL,0.18,Abell 1689,UM15.1
23.9,4.4,-4.4,12.83,3.08,-3.08,WL+SL,0.18,Abell 1689,UM15.1
8.36,0.5,-0.5,10.4075,0.795,-0.795,X-ray,0.18,Abell 1689,ET11.1
14.4,3.1,-3.1,19.1,11.2,-11.2,WL,0.18,Abell 1689,CO09.1
15.78,2.4299999999999997,-2.4299999999999997,21.674999999999997,4.05,-4.05,WL,0.18,Abell 1689,UM09.1
18.752499999999998,2.8049999999999997,-2.8049999999999997,13.31,2.75,-2.75,WL,0.18,Abell 1689,UM11.1
33.73,6.35,-6.35,5.45,1.01,-1.01,WL,0.18,Abell 1689,BA07.1
19.37,2.6,-2.6,10.68,1.12,-1.12,X-ray,0.18,Abell 1689,BA14.1
35.0,2.763157894736842,-2.763157894736842,7.6,0.6,-0.6,SL,0.18,Abell 1689,HA06.1
178.75,85.5,-85.5,7.029999999999999,0.52,-0.52,SL,0.18,Abell 1689,ZE06.1
40.0,1.0,-1.0,8.424999999999999,1.9500000000000002,-1.9500000000000002,SL,0.18,Abell 1689,BR05.2
18.6,6.8,-6.8,4.65,0.5,-0.5,WL,0.18,Abell 1689,BA05.1
19.3,2.0,-2.0,13.924999999999999,1.25,-1.25,WL,0.18,Abell 1689,BR05.1
10.0,8.0,-8.0,6.1,4.88,-4.88,WL,0.18,Abell 1689,KI02.1
26.0,1.3903743315508021,-1.3903743315508021,9.35,0.5,-0.5,WL+SL,0.18,Abell 1689,HA06.1
15.1,2.0,-2.0,9.5,2.0,-2.0,WL+SL,0.18,Abell 1689,LI07.1
7.745,1.32,-1.32,8.785,0.66,-0.66,WL+SL,0.188,Abell 383,ZI11.1
5.42,0.45,-0.45,3.9749999999999996,0.29000000000000004,-0.29000000000000004,X-ray,0.188,Abell 383,ET11.1
4.7,1.3,-1.3,9.6,4.5,-4.5,WL,0.188,Abell 383,SE14.1
9.1,2.5,-2.5,8.8,1.5,-1.5,WL+SL,0.188,Abell 383,SE14.1
7.53,2.85,-2.85,3.38,0.86,-0.86,WL,0.188,Abell 383,BA07.1
7.765,2.0,-2.0,4.585000000000001,0.54,-0.54,X-ray,0.188,Abell 383,BA14.1
10.4,0.7,-0.7,5.6,1.3,-1.3,WL+SL,0.188,Abell 383,ME14.1
9.15,2.48,-2.48,4.6375,0.745,-0.745,X-ray,0.188,Abell 383,SC07.1
4.72,0.57,-0.57,8.03,0.7,-0.7,X-ray,0.188,Abell 383,VI06.1
3.8375,1.005,-1.005,10.497499999999999,4.135,-4.135,WL,0.188,Abell 383,OK10.1
3.3,1.1,-1.1,10.2,5.4,-5.4,WL,0.194,ZwCl0839.9+2937,SE14.1
3.1050000000000004,0.95,-0.95,8.98,3.88,-3.88,WL,0.194,ZwCl0839.9+2937,OK10.1
7.0,0.08641975308641976,-0.08641975308641976,8.1,0.1,-0.1,X-ray,0.194,ZwCl0839.9+2937,WA05.1
10.1,3.7,-3.7,2.4,1.1,-1.1,WL,0.196,Abell 291,SE14.1
7.8,2.58,-2.58,2.66,1.1400000000000001,-1.1400000000000001,WL,0.196,Abell 291,OK10.1
8.0,5.9,-5.9,3.5,3.3,-3.3,WL,0.1971,Abell 115,SE14.1
6.5825000000000005,3.265,-3.265,5.9325,3.535,-3.535,WL,0.1971,Abell 115,OK10.1
8.77,3.4,-3.4,2.9,1.82,-1.82,WL,0.199,Abell 520,OK08.1
154.0,123.2,-123.2,4.8,3.84,-3.84,X-ray,0.199,Abell 520,MO99.1
36.182500000000005,7.535,-7.535,2.915,0.6599999999999999,-0.6599999999999999,WL,0.203,Abell 2163,OK11.1
144.49,8.73,-8.73,2.7375000000000003,0.46499999999999997,-0.46499999999999997,X-ray,0.203,Abell 2163,BA14.1
11.0,4.3,-4.3,5.825,3.05,-3.05,WL,0.206,Abell 209,PA07.1
10.59,1.51,-1.51,3.7800000000000002,0.9199999999999999,-0.9199999999999999,X-ray,0.206,Abell 209,ET11.1
18.5,4.0,-4.0,2.7,0.6,-0.6,WL,0.206,Abell 209,SE14.1
28.5,4.9,-4.9,3.8,0.4,-0.4,WL+SL,0.206,Abell 209,SE14.1
12.66,3.99,-3.99,3.83,1.13,-1.13,WL,0.206,Abell 209,BA07.1
15.22,2.77,-2.77,4.1375,0.935,-0.935,X-ray,0.206,Abell 209,BA14.1
11.7,0.7,-0.7,4.3,1.1,-1.1,WL+SL,0.206,Abell 209,ME14.1
14.5325,2.955,-2.955,2.7775,0.645,-0.645,WL,0.206,Abell 209,OK10.1
7.34,0.99,-0.99,5.6625000000000005,1.075,-1.075,X-ray,0.206,Abell 963,ET11.1
9.6,2.5,-2.5,2.6,0.9,-0.9,WL,0.206,Abell 963,SE14.1
6.41,1.52,-1.52,10.37,1.52,-1.52,WL,0.206,Abell 963,BA07.1
10.1925,1.295,-1.295,5.6125,1.2850000000000001,-1.2850000000000001,X-ray,0.206,Abell 963,BA14.1
7.395,1.88,-1.88,2.7275,0.895,-0.895,WL,0.206,Abell 963,OK10.1
10.0325,3.025,-3.025,5.5225,1.0750000000000002,-1.0750000000000002,X-ray,0.206,Abell 963,SC07.1
8.83,1.9700000000000002,-1.9700000000000002,6.89,1.13,-1.13,X-ray,0.206,Abell 963,AL03.1
10.007499999999999,2.3049999999999997,-2.3049999999999997,9.26,1.9200000000000002,-1.9200000000000002,X-ray,0.208,RXJ0439.0+0520,BA14.1
5.0875,1.765,-1.765,8.592500000000001,1.675,-1.675,X-ray,0.208,RX J0439.0+0520,SC07.1
28.6475,12.135,-12.135,4.705,1.31,-1.31,X-ray,0.215,RX J1504.1-0248,SC07.1
25.0,20.0,-20.0,8.51,6.808,-6.808,X-ray,0.216,MS 0735.6+7421,MO99.1
13.34,3.8,-3.8,4.57,1.6099999999999999,-1.6099999999999999,X-ray,0.217,Abell 773,ET11.1
17.785,1.85,-1.85,4.382499999999999,0.7350000000000001,-0.7350000000000001,X-ray,0.217,Abell 773,BA14.1
36.0,28.8,-28.8,5.26,4.208,-4.208,X-ray,0.221,MS 1006.0+1202,MO99.1
21.1,1.6,-1.6,5.2,0.7,-0.7,WL,0.224,Abell 2261,SE14.1
23.2,3.0,-3.0,6.0,0.6,-0.6,WL+SL,0.224,Abell 2261,SE14.1
19.717499999999998,3.425,-3.425,6.775,1.65,-1.65,WL,0.224,Abell 2261,UM09.1
17.6,1.8,-1.8,4.4,1.8,-1.8,WL+SL,0.224,Abell 2261,ME14.1
9.73,1.8499999999999999,-1.8499999999999999,6.34,1.51,-1.51,WL,0.224,Abell 2261,OK10.1
9.8,3.1,-3.1,3.3,1.5,-1.5,WL,0.2248,ZwCl 0823.2+0425,SE14.1
4.83,0.84,-0.84,8.2525,3.535,-3.535,X-ray,0.228,Abell 1763,ET11.1
24.62,5.31,-5.31,3.36,0.77,-0.77,WL,0.228,Abell 1763,BA07.1
13.4,3.5,-3.5,8.2,3.5,-3.5,WL,0.2281,Abell 2219,SE14.1
35.83,8.29,-8.29,4.84,1.21,-1.21,WL,0.2281,Abell 2219,BA07.1
46.1525,5.095000000000001,-5.095000000000001,4.42,0.94,-0.94,X-ray,0.2281,Abell 2219,BA14.1
9.469999999999999,2.3,-2.3,7.824999999999999,2.79,-2.79,WL,0.2281,Abell 2219,OK10.1
5.0,1.3,-1.3,6.4,2.2,-2.2,WL,0.23,Abell 267,SE14.1
4.59,2.64,-2.64,5.69,2.45,-2.45,WL,0.23,Abell 267,BA07.1
4.0,0.98,-0.98,6.3975,1.845,-1.845,WL,0.23,Abell 267,OK10.1
31.57,1.48,-1.48,2.725,0.1,-0.1,X-ray,0.23,Abell 2390,ET11.1
11.3,2.7,-2.7,6.6,1.6,-1.6,WL,0.23,Abell 2390,SE14.1
12.965,2.0700000000000003,-2.0700000000000003,7.5,1.9,-1.9,WL,0.23,Abell 2390,UM09.1
15.7,4.43,-4.43,6.56,1.74,-1.74,WL,0.23,Abell 2390,BA07.1
37.305,3.59,-3.59,2.6624999999999996,0.7450000000000001,-0.7450000000000001,X-ray,0.23,Abell 2390,BA14.1
8.424999999999999,1.7799999999999998,-1.7799999999999998,6.3875,1.405,-1.405,WL,0.23,Abell 2390,OK10.1
20.45,2.57,-2.57,3.28,0.23,-0.23,X-ray,0.23,Abell 2390,VI06.1
73.875,47.050000000000004,-47.050000000000004,4.2275,2.055,-2.055,X-ray,0.23,Abell 2390,AL03.1
20.08,0.57,-0.57,2.9225000000000003,0.065,-0.065,X-ray,0.233,Abell 2667,ET11.1
26.61,2.49,-2.49,2.955,0.21000000000000002,-0.21000000000000002,X-ray,0.233,Abell 2667,BA14.1
22.575000000000003,9.85,-9.85,3.715,0.97,-0.97,X-ray,0.233,Abell 2667,AL03.1
6.48,0.53,-0.53,4.565,0.41000000000000003,-0.41000000000000003,X-ray,0.235,RXJ2129.6+0005,ET11.1
12.4,5.5,-5.5,2.6,1.5,-1.5,WL,0.235,RXJ2129.6+0005,SE14.1
7.0,1.3,-1.3,8.3,1.1,-1.1,WL+SL,0.235,RXJ2129.6+0005,SE14.1
10.1175,1.2349999999999999,-1.2349999999999999,4.8725000000000005,0.45499999999999996,-0.45499999999999996,X-ray,0.235,RXJ2129.6+0005,BA14.1
7.3,0.7,-0.7,5.6,1.7,-1.7,WL+SL,0.235,RXJ2129.6+0005,ME14.1
7.2875,2.3449999999999998,-2.3449999999999998,3.9349999999999996,1.75,-1.75,WL,0.235,RXJ2129.6+0005,OK10.1
16.9825,10.065000000000001,-10.065000000000001,5.382499999999999,2.605,-2.605,X-ray,0.235,RXJ2129.6+0005,SC07.1
2.77,0.21,-0.21,7.9,0.5,-0.5,X-ray,0.241,ZwCl 1305.4+2941,GA08.1
10.0,8.0,-8.0,5.78,4.6240000000000006,-4.6240000000000006,X-ray,0.246,MS 1910.5+6736,MO99.1
6.0,2.4,-2.4,3.9,2.2,-2.2,WL,0.2472,Abell 2485,SE14.1
4.904999999999999,1.6099999999999999,-1.6099999999999999,4.12,1.84,-1.84,WL,0.2472,Abell 2485,OK10.1
9.1,2.5,-2.5,2.1,0.5,-0.5,WL,0.2475,Abell 521,SE14.1
8.0625,1.275,-1.275,14.015,1.0,-1.0,X-ray,0.2475,Abell 521,BA14.1
6.0225,1.335,-1.335,3.225,0.9,-0.9,WL,0.2475,Abell 521,OK10.1
21.66,1.74,-1.74,3.58,0.27,-0.27,X-ray,0.2528,Abell 1835,ET11.1
12.4,4.8,-4.8,12.5,11.600000000000001,-11.600000000000001,WL,0.2528,Abell 1835,CO09.1
18.5,4.6,-4.6,3.4,1.0,-1.0,WL,0.2528,Abell 1835,SE14.1
47.89,8.25,-8.25,3.27,0.59,-0.59,WL,0.2528,Abell 1835,BA07.1
28.41,3.74,-3.74,3.3400000000000003,0.51,-0.51,X-ray,0.2528,Abell 1835,BA14.1
14.282499999999999,3.255,-3.255,3.5,0.89,-0.89,WL,0.2528,Abell 1835,OK10.1
29.025000000000002,4.05,-4.05,3.72,0.5190697674418604,-0.5190697674418604,WL,0.252,Abell 1835,CL02.1
24.9775,5.995,-5.995,4.415,0.46,-0.46,X-ray,0.252,Abell 1835,SC07.1
116.0,78.0,-78.0,3.855,1.71,-1.71,X-ray,0.252,Abell 1835,VO06.1
26.349999999999998,7.0,-7.0,5.165,0.69,-0.69,X-ray,0.252,Abell 1835,AL03.1
12.67,2.9,-2.9,4.0675,1.045,-1.045,X-ray,0.253,RXCJ0307.0-2840,ET11.1
15.4025,2.175,-2.175,4.225,1.06,-1.06,X-ray,0.253,RXCJ0307.0-2840,BA14.1
2.3,0.8,-0.8,9.7,5.7,-5.7,WL,0.2545,ZwCl0104.4+0048,SE14.1
1.8125,0.5249999999999999,-0.5249999999999999,11.657499999999999,5.8149999999999995,-5.8149999999999995,WL,0.2545,ZwCl0104.4+0048,OK10.1
19.7,2.43,-2.43,4.07,0.56,-0.56,X-ray,0.2546,Abell 68,ET11.1
5.1,2.3,-2.3,6.1,4.6,-4.6,WL,0.2546,Abell 68,SE14.1
10.56,3.62,-3.62,4.8,1.37,-1.37,WL,0.2546,Abell 68,BA07.1
6.0525,2.185,-2.185,5.174999999999999,2.59,-2.59,WL,0.2546,Abell 68,OK10.1
4.4,2.7,-2.7,4.5,3.4,-3.4,WL,0.2578,ZwCl1454.8+2233,SE14.1
3.9450000000000003,1.69,-1.69,5.119999999999999,2.7,-2.7,WL,0.2578,ZwCl1454.8+2233,OK10.1
4.19,0.33,-0.33,7.805,0.64,-0.64,X-ray,0.259,MS 1455.0+2232,ET11.1
15.0,12.0,-12.0,13.2,10.56,-10.56,X-ray,0.259,MS 1455.0+2232,MO99.1
0.94,0.77,-0.77,11.79,5.84,-5.84,WL,0.26,J0454-0309,SC10.1
7.91,2.22,-2.22,7.4075,3.525,-3.525,X-ray,0.273,RXCJ2337.6+0016,ET11.1
7.3,1.4,-1.4,8.1,3.0,-3.0,WL,0.273,RXCJ2337.6+0016,SE14.1
10.092500000000001,1.115,-1.115,6.097499999999999,2.085,-2.085,X-ray,0.273,RXCJ2337.6+0016,BA14.1
16.88,2.98,-2.98,3.275,0.7200000000000001,-0.7200000000000001,X-ray,0.274,RXCJ0303.8-7752,ET11.1
7.88,2.1,-2.1,7.9025,2.615,-2.615,X-ray,0.275,RXCJ0532.9-3701,ET11.1
25.0,6.4,-6.4,5.1,0.7,-0.7,SL,0.277,Abell 1703,OG09.1
20.625,5.75,-5.75,3.5249999999999995,1.25,-1.25,WL,0.277,Abell 1703,OG09.1
15.375,3.75,-3.75,6.875,0.95,-0.95,WL+SL,0.277,Abell 1703,OG09.1
17.4,2.1,-2.1,7.15,0.5,-0.5,WL+SL,0.277,Abell 1703,ZI10.1
17.075,3.55,-3.55,8.13,1.94,-1.94,WL,0.277,Abell 1703,ZI10.1
15.7,2.5,-2.5,6.9,1.0,-1.0,WL+SL,0.277,Abell 1703,SE14.1
18.035,3.2,-3.2,7.515,2.03,-2.03,WL,0.277,Abell 1703,UM11.1
13.21,2.3899999999999997,-2.3899999999999997,4.9475,1.135,-1.135,WL,0.277,Abell 1703,OG12.1
11.1775,1.775,-1.775,7.305,0.99,-0.99,WL+SL,0.277,Abell 1703,OG12.1
5.3675,1.065,-1.065,8.785,2.91,-2.91,WL,0.278,Abell 2631,OK10.1
7.51,8.14,-8.14,0.24,0.95,-0.95,WL,0.279,Abell 1758N,OK08.1
1.71,1.64,-1.64,3.91,6.51,-6.51,WL,0.279,Abell 1758S,OK08.1
2.1,1.5,-1.5,1.9,2.0,-2.0,WL,0.2793,Abell 689,SE14.1
6.9,1.7,-1.7,6.6,1.9,-1.9,WL,0.2803,RXJ0142.0+2131,SE14.1
4.655,1.12,-1.12,7.735,2.3,-2.3,WL,0.2803,RXJ0142.0+2131,OK10.1
3.89,0.35,-0.35,6.7,0.4,-0.4,X-ray,0.281,XMMU J131359.7-162735,GA07.1
16.2,3.4,-3.4,3.1,0.9,-0.9,WL,0.282,Abell 697,SE14.1
15.879999999999999,1.4,-1.4,6.8725,1.455,-1.455,X-ray,0.282,Abell 697,BA14.1
12.7125,2.4450000000000003,-2.4450000000000003,3.0900000000000003,0.77,-0.77,WL,0.282,Abell 697,OK10.1
18.26,2.43,-2.43,2.8825,0.445,-0.445,X-ray,0.283,RXCJ0232.2-4420,ET11.1
23.97,2.58,-2.58,2.4450000000000003,0.86,-0.86,X-ray,0.283,RXCJ0232.2-4420,BA14.1
8.8,2.3,-2.3,4.6,1.7,-1.7,WL,0.288,Abell 611,SE14.1
17.1,4.4,-4.4,5.6,1.0,-1.0,WL+SL,0.288,Abell 611,SE14.1
10.3,0.7,-0.7,4.3,1.1,-1.1,WL+SL,0.288,Abell 611,ME14.1
6.897500000000001,1.585,-1.585,4.635000000000001,1.5,-1.5,WL,0.288,Abell 611,OK10.1
10.2675,4.155,-4.155,6.33,2.0,-2.0,X-ray,0.288,Abell 611,SC07.1
23.0,13.0,-13.0,5.7524999999999995,2.755,-2.755,X-ray,0.288,Abell 611,AL03.1
4.1,1.3,-1.3,10.1,4.7,-4.7,WL,0.2897,ZwCl1459.4+4240,SE14.1
4.625,1.35,-1.35,7.42,2.76,-2.76,WL,0.2897,ZwCl1459.4+4240,OK10.1
9.32,0.59,-0.59,4.0925,0.255,-0.255,X-ray,0.291,Zwicky 3146,ET11.1
34.5,34.898666666666664,-34.898666666666664,2.8125,2.8449999999999998,-2.8449999999999998,X-ray,0.291,Zwicky 3146,SC07.1
5.28,1.39,-1.39,10.91,5.21,-5.21,X-ray,0.292,RXCJ0043.4-2037,ET11.1
7.205,0.94,-0.94,10.7025,4.275,-4.275,X-ray,0.292,RXCJ0043.4-2037,BA14.1
12.89,3.56,-3.56,4.9875,2.245,-2.245,X-ray,0.294,RXCJ0516.7-5430,ET11.1
17.78,1.73,-1.73,3.88,1.48,-1.48,X-ray,0.294,RXCJ0516.7-5430,BA14.1
18.86,2.55,-2.55,6.1,0.3,-0.3,X-ray,0.295,Abell 2537,BA14.1
11.47,5.46,-5.46,6.5825,2.3449999999999998,-2.3449999999999998,X-ray,0.295,Abell 2537,SC07.1
39.0,31.200000000000003,-31.200000000000003,5.4,4.32,-4.32,X-ray,0.301,MS 1008.1-1224,MO99.1
13.91,3.07,-3.07,3.415,1.2,-1.2,X-ray,0.307,RXCJ1131.9-1955,ET11.1
18.975,1.9300000000000002,-1.9300000000000002,2.835,1.85,-1.85,X-ray,0.307,RXCJ1131.9-1955,BA14.1
28.709999999999997,2.86,-2.86,2.1975000000000002,0.20500000000000002,-0.20500000000000002,X-ray,0.308,Abell 2744,BA14.1
4.3,0.7,-0.7,14.8,3.8,-3.8,WL+SL,0.308,GHO132029+3155,SE14.1
3.4825000000000004,0.615,-0.615,9.56,2.85,-2.85,WL,0.308,GHO132029+3155,OG12.1
2.9650000000000003,0.51,-0.51,16.9675,3.655,-3.655,WL+SL,0.308,GHO132029+3155,OG12.1
4.79,0.6699999999999999,-0.6699999999999999,11.852500000000001,1.3050000000000002,-1.3050000000000002,SL,0.313,MS 2137.3-2353,DO09.1
4.93,0.28,-0.28,10.31,0.98,-0.98,X-ray,0.313,MS 2137.3-2353,DO09.1
11.7,2.9,-2.9,6.4,1.1,-1.1,WL+SL,0.313,MS 2137.3-2353,SE14.1
12.6,0.6,-0.6,4.0,0.7,-0.7,WL+SL,0.313,MS 2137.3-2353,ME14.1
3.2,0.4,-0.4,16.0,1.0,-1.0,SL,0.313,MS 2137.3-2353,CO07.1
8.364999999999998,0.6599999999999999,-0.6599999999999999,14.3625,0.895,-0.895,SL,0.313,MS 2137.3-2353,GA05.2
8.6,3.9228070175438594,-3.9228070175438594,14.25,6.5,-6.5,SL,0.313,MS 2137.3-2353,GA03.1
7.93,2.17,-2.17,14.1,2.5,-2.5,SL,0.313,MS 2137.3-2353,GA02.2
78.25,54.5,-54.5,17.0,12.0,-12.0,WL,0.313,MS 2137.3-2353,GA03.1
8.5075,0.505,-0.505,14.11,0.65,-0.65,WL+SL,0.313,MS 2137.3-2353,GA05.2
5.4875,0.7949999999999999,-0.7949999999999999,8.735,0.7,-0.7,X-ray,0.313,MS 2137.3-2353,SC07.1
34.15,22.3,-22.3,6.327500000000001,2.9450000000000003,-2.9450000000000003,X-ray,0.313,MS 2137.3-2353,VO06.1
4.6899999999999995,0.98,-0.98,10.8,1.3,-1.3,X-ray,0.313,MS 2137.3-2353,AL03.1
12.0,9.600000000000001,-9.600000000000001,14.9,11.920000000000002,-11.920000000000002,X-ray,0.313,MS 2137.3-2353,MO99.1
30.805,2.3600000000000003,-2.3600000000000003,10.0725,1.7650000000000001,-1.7650000000000001,X-ray,0.314,MACSJ0242.6-2132,BA14.1
5.7775,1.7149999999999999,-1.7149999999999999,8.397499999999999,1.275,-1.275,X-ray,0.314,MACSJ0242.6-2132,SC07.1
28.2425,2.5949999999999998,-2.5949999999999998,10.3625,2.3049999999999997,-2.3049999999999997,X-ray,0.318,MACSJ1427.6-2521,BA14.1
56.76,5.06,-5.06,4.035,0.44999999999999996,-0.44999999999999996,X-ray,0.318,Abell 1995,BA14.1
36.0,28.8,-28.8,5.91,4.728000000000001,-4.728000000000001,X-ray,0.32,MS 0353.6-3642,MO99.1
51.46,5.66,-5.66,10.745000000000001,1.8599999999999999,-1.8599999999999999,X-ray,0.324,MACSJ2229.8-2756,BA14.1
3.9825,1.765,-1.765,10.2225,3.7249999999999996,-3.7249999999999996,X-ray,0.324,MACSJ2229.8-2756,SC07.1
10.0,8.0,-8.0,13.5,10.8,-10.8,X-ray,0.327,MS 1224.7+2007,MO99.1
29.0,23.200000000000003,-23.200000000000003,7.09,5.672000000000001,-5.672000000000001,X-ray,0.328,MS 1358.4+6245,MO99.1
5.2,1.1,-1.1,5.2,0.5,-0.5,SL,0.33,CL 2244-0221,CO07.1
31.195,4.16,-4.16,1.705,0.46,-0.46,X-ray,0.335,RCSJ2156+0123,BA14.1
31.6,34.3,-34.3,12.225000000000001,6.85,-6.85,SL,0.335,SDSSJ1531+3414,OG09.1
6.875,3.25,-3.25,27.325000000000003,17.95,-17.95,WL,0.335,SDSSJ1531+3414,OG09.1
6.975,2.65,-2.65,9.025,2.25,-2.25,WL+SL,0.335,SDSSJ1531+3414,OG09.1
7.2,1.9,-1.9,8.2,1.4,-1.4,WL+SL,0.335,SDSSJ1531+3414,SE14.1
6.0425,1.635,-1.635,6.86,2.67,-2.67,WL,0.335,SDSSJ1531+3414,OG12.1
5.235,1.26,-1.26,8.627500000000001,1.365,-1.365,WL+SL,0.335,SDSSJ1531+3414,OG12.1
8.2,2.8,-2.8,5.4,1.2,-1.2,WL+SL,0.342,SDSSJ1621+0607,SE14.1
7.0775,2.275,-2.275,4.3149999999999995,1.64,-1.64,WL,0.342,SDSSJ1621+0607,OG12.1
6.175,1.8599999999999999,-1.8599999999999999,5.859999999999999,1.24,-1.24,WL+SL,0.342,SDSSJ1621+0607,OG12.1
16.1475,7.375,-7.375,6.8475,1.995,-1.995,X-ray,0.345,MACSJ0947.2+7623,SC07.1
43.25,10.100000000000001,-10.100000000000001,3.7499999999999996,1.6,-1.6,WL,0.348,RXCJ2248.7-4431,GR13.1
14.1,5.1,-5.1,8.6,3.1,-3.1,WL+SL,0.348,RXCJ2248.7-4431,SE14.1
14.0,1.2,-1.2,4.0,1.1,-1.1,WL+SL,0.348,RXCJ2248.7-4431,ME14.1
17.5,4.8,-4.8,5.0,1.9,-1.9,WL+SL,0.352,MACSJ1115.8+0129,SE14.1
30.3425,4.585,-4.585,2.795,0.6799999999999999,-0.6799999999999999,X-ray,0.352,MACSJ1115.8+0129,BA14.1
11.3,1.0,-1.0,2.9,0.9,-0.9,WL+SL,0.352,MACSJ1115.8+0129,ME14.1
14.0,9.3,-9.3,7.1,3.9,-3.9,WL+SL,0.352,MACSJ1931.8-2635,SE14.1
38.3425,4.765,-4.765,5.2025,0.375,-0.375,X-ray,0.352,MACSJ1931.8-2635,BA14.1
8.3,0.6,-0.6,3.9,1.1,-1.1,WL+SL,0.352,MACSJ1931.8-2635,ME14.1
19.2,11.329900990099011,-11.329900990099011,3.7875,2.2350000000000003,-2.2350000000000003,X-ray,0.352,MACSJ1931.8-2635,SC07.1
5.2,1.9,-1.9,9.0,2.7,-2.7,WL,0.3615,RXJ1532.9+3021,SE14.1
763.25,512.5,-512.5,3.3625,2.725,-2.725,X-ray,0.3615,RXJ1532.9+3021,VO06.1
1.4,0.7,-0.7,14.9,4.7,-4.7,WL+SL,0.362,SDSSJ1152+3313,SE14.1
1.3975,0.885,-0.885,18.54,18.27,-18.27,WL,0.362,SDSSJ1152+3313,OG12.1
1.165,0.71,-0.71,28.6675,14.905,-14.905,WL+SL,0.362,SDSSJ1152+3313,OG12.1
6.4,0.9,-0.9,3.8,1.7,-1.7,WL+SL,0.363,MACSJ1532.9+3021,ME14.1
12.6475,5.205,-5.205,5.7575,1.5150000000000001,-1.5150000000000001,X-ray,0.363,MACSJ1532.9+3021,SC07.1
7.9,2.3,-2.3,10.3,3.1,-3.1,WL+SL,0.37,SDSSJ0851+3331,SE14.1
7.69,2.2,-2.2,6.640000000000001,2.71,-2.71,WL,0.37,SDSSJ0851+3331,OG12.1
6.3825,1.705,-1.705,10.415,2.5,-2.5,WL+SL,0.37,SDSSJ0851+3331,OG12.1
7.9,6.32,-6.32,9.35,7.48,-7.48,X-ray,0.372,MS 1512.4+3647,MO99.1
35.512499999999996,4.075,-4.075,7.1275,1.0050000000000001,-1.0050000000000001,WL,0.375,Abell 370,UM11.1
56.475,4.68,-4.68,4.8425,0.345,-0.345,X-ray,0.379,MACSJ0011.7-1523,BA14.1
6.225,2.95,-2.95,7.4750000000000005,3.6500000000000004,-3.6500000000000004,WL,0.3838,BCS J2352-5452,BU11.1
6.199999999999999,2.9,-2.9,7.575,2.55,-2.55,WL+SL,0.3838,BCS J2352-5452,BU11.1
11.4,3.1,-3.1,7.3,1.8,-1.8,WL+SL,0.391,MACSJ1720.3+3536,SE14.1
46.93,5.79,-5.79,6.625,0.59,-0.59,X-ray,0.391,MACSJ1720.3+3536,BA14.1
8.8,0.8,-0.8,5.2,1.7,-1.7,WL+SL,0.391,MACSJ1720.3+3536,ME14.1
11.57,4.71,-4.71,5.545,1.23,-1.23,X-ray,0.391,MACSJ1720.3+3536,SC07.1
19.9975,3.0949999999999998,-3.0949999999999998,9.2475,1.9649999999999999,-1.9649999999999999,WL,0.395,ZwCl 0024.0+1652,UM11.1
6.175,1.15,-1.15,29.0,8.0,-8.0,WL+SL,0.395,ZwCl 0024.0+1652,KN03.1
2.1,0.8,-0.8,15.6,4.4,-4.4,WL+SL,0.397,SDSSJ0915+3826,SE14.1
0.925,0.29000000000000004,-0.29000000000000004,26.94,8.58,-8.58,WL,0.397,SDSSJ0915+3826,OG12.1
0.9725,0.385,-0.385,28.435000000000002,11.89,-11.89,WL+SL,0.397,SDSSJ0915+3826,OG12.1
8.9,2.8,-2.8,6.9,1.6,-1.6,WL+SL,0.399,MACSJ0429.6-0253,SE14.1
22.134999999999998,2.05,-2.05,4.245,2.0999999999999996,-2.0999999999999996,X-ray,0.399,MACSJ0429.6-0253,BA14.1
9.6,1.4,-1.4,4.0,1.6,-1.6,WL+SL,0.399,MACSJ0429.6-0253,ME14.1
4.1775,1.185,-1.185,9.5025,1.565,-1.565,X-ray,0.399,MACSJ0429.6-0253,SC07.1
50.685,5.3100000000000005,-5.3100000000000005,6.5975,0.935,-0.935,X-ray,0.405,MACSJ0159.8-0849,BA14.1
15.845,5.65,-5.65,5.8475,1.2149999999999999,-1.2149999999999999,X-ray,0.405,MACSJ0159.8-0849,SC07.1
5.3,1.9,-1.9,5.4,1.5,-1.5,WL+SL,0.418,SDSSJ1343+4155,SE14.1
4.3475,1.765,-1.765,7.067500000000001,3.995,-3.995,WL,0.418,SDSSJ1343+4155,OG12.1
3.985,1.4,-1.4,5.5875,1.345,-1.345,WL+SL,0.418,SDSSJ1343+4155,OG12.1
9.5,1.7,-1.7,9.5,2.0,-2.0,WL,0.42,MACS J0416.1-2403,SE14.1
9.4,7.5200000000000005,-7.5200000000000005,8.75,7.0,-7.0,X-ray,0.426,MS 0302.7+1658,MO99.1
1.8,0.4,-0.4,17.3,4.1,-4.1,WL+SL,0.43,SDSSJ1038+4849,SE14.1
1.0999999999999999,0.55,-0.55,24.910000000000004,16.240000000000002,-16.240000000000002,WL,0.43,SDSSJ1038+4849,OG12.1
1.04,0.32,-0.32,23.602500000000003,10.805,-10.805,WL+SL,0.43,SDSSJ1038+4849,OG12.1
2.1,2.5,-2.5,7.4,6.8,-6.8,WL+SL,0.43,SDSSJ1226+2152,SE14.1
56.56249999999999,37.875,-37.875,26.445,19.9,-19.9,WL,0.43,SDSSJ1226+2152,OG12.1
1.155,0.76,-0.76,14.962499999999999,16.565,-16.565,WL+SL,0.43,SDSSJ1226+2152,OG12.1
11.4,4.1,-4.1,5.8,1.7,-1.7,WL+SL,0.435,SDSSJ1226+2149,SE14.1
9.5525,3.135,-3.135,5.8275,2.125,-2.125,WL,0.435,SDSSJ1226+2149,OG12.1
9.239999999999998,2.86,-2.86,5.972499999999999,1.415,-1.415,WL+SL,0.435,SDSSJ1226+2149,OG12.1
15.2,2.3,-2.3,8.6,2.8,-2.8,LOSVD,0.439,MACS J1206.2-0847,BI13.1
18.6,7.5,-7.5,5.3,3.5,-3.5,CM,0.439,MACS J1206.2-0847,BI13.1
14.9,3.9,-3.9,7.5,2.1,-2.1,WL+SL,0.439,MACS J1206.2-0847,SE14.1
10.0,1.1,-1.1,5.2,1.7,-1.7,WL+SL,0.439,MACS J1206.2-0847,ME14.1
7.6,1.6,-1.6,6.0,1.0,-1.0,WL+SL,0.443,SDSSJ1329+2243,SE14.1
5.050000000000001,1.24,-1.24,12.6725,5.4350000000000005,-5.4350000000000005,WL,0.443,SDSSJ1329+2243,OG12.1
5.7475000000000005,1.295,-1.295,6.0975,0.995,-0.995,WL+SL,0.443,SDSSJ1329+2243,OG12.1
2.2,1.3,-1.3,8.2,3.0,-3.0,WL+SL,0.448,SDSSJ0957+0509,SE14.1
1.1875,0.45499999999999996,-0.45499999999999996,19.072500000000005,13.825,-13.825,WL,0.448,SDSSJ0957+0509,OG12.1
1.47,0.73,-0.73,10.737499999999999,3.325,-3.325,WL+SL,0.448,SDSSJ0957+0509,OG12.1
9.5,1.9,-1.9,10.6,2.7,-2.7,WL+SL,0.45,MACSJ0329.7-0212,SE14.1
8.6,1.1,-1.1,4.7,1.9,-1.9,WL+SL,0.45,MACSJ0329.7-0212,ME14.1
8.395,2.42,-2.42,5.5975,0.895,-0.895,X-ray,0.45,MACSJ0329.7-0212,SC07.1
14.7,0.9,-0.9,4.3,0.4,-0.4,WL+SL,0.451,SDSSJ1138+2754,SE14.1
11.422500000000001,2.4450000000000003,-2.4450000000000003,3.8724999999999996,1.3050000000000002,-1.3050000000000002,WL,0.451,SDSSJ1138+2754,OG12.1
10.5375,1.9649999999999999,-1.9649999999999999,4.5225,0.565,-0.565,WL+SL,0.451,SDSSJ1138+2754,OG12.1
31.8,8.7,-8.7,5.4,1.4,-1.4,WL+SL,0.451,RXJ1347.5-1145,SE14.1
21.6125,3.725,-3.725,9.807500000000001,2.6550000000000002,-2.6550000000000002,WL,0.451,RXJ1347.5-1145,UM11.1
13.5,1.9,-1.9,4.7,1.8,-1.8,WL+SL,0.451,RXJ1347.5-1145,ME14.1
41.0,23.0,-23.0,64.5,43.0,-43.0,WL,0.451,RXJ1347.5-1145,KL05.1
34.300000000000004,8.3,-8.3,5.949999999999999,0.61,-0.61,X-ray,0.451,RXJ1347.5-1145,SC07.1
64.0,39.0,-39.0,5.327500000000001,1.5350000000000001,-1.5350000000000001,X-ray,0.451,RXJ1347.5-1145,VO06.1
30.650000000000002,13.4,-13.4,7.715,1.7200000000000002,-1.7200000000000002,X-ray,0.451,RXJ1347.5-1145,AL03.1
4.0725,0.825,-0.825,9.375,1.05,-1.05,X-ray,0.461,3C 295,SC07.1
4.6125,1.435,-1.435,9.282499999999999,2.0149999999999997,-2.0149999999999997,X-ray,0.461,3C 295,AL03.1
10.115,4.78,-4.78,7.92,2.84,-2.84,X-ray,0.461,MACSJ1621.6+3810,SC07.1
13.25,8.1,-8.1,27.525,17.75,-17.75,SL,0.464,SDSSJ1446+3032,OG09.1
8.600000000000001,2.7,-2.7,14.575,7.75,-7.75,WL,0.464,SDSSJ1446+3032,OG09.1
8.9,2.6,-2.6,8.9,3.5,-3.5,WL+SL,0.464,SDSSJ1446+3032,OG09.1
6.9,1.9,-1.9,11.7,4.5,-4.5,WL+SL,0.464,SDSSJ1446+3032,SE14.1
4.2125,1.075,-1.075,16.0925,6.705,-6.705,WL,0.464,SDSSJ1446+3032,OG12.1
4.2700000000000005,1.0899999999999999,-1.0899999999999999,15.4625,6.095000000000001,-6.095000000000001,WL+SL,0.464,SDSSJ1446+3032,OG12.1
14.1,4.4,-4.4,5.5,2.0,-2.0,WL+SL,0.466,SDSSJ1115+5319,SE14.1
12.075,3.21,-3.21,2.9075,1.065,-1.065,WL,0.466,SDSSJ1115+5319,OG12.1
10.8225,2.895,-2.895,5.6475,1.245,-1.245,WL+SL,0.466,SDSSJ1115+5319,OG12.1
6.6,1.6,-1.6,7.5,1.3,-1.3,WL+SL,0.466,RCS2J1055+5548,SE14.1
5.415,1.52,-1.52,7.550000000000001,3.1500000000000004,-3.1500000000000004,WL,0.466,RCS2J1055+5548,OG12.1
4.97,1.19,-1.19,7.635,1.25,-1.25,WL+SL,0.466,RCS2J1055+5548,OG12.1
4.6,0.8,-0.8,18.1,3.2,-3.2,WL+SL,0.484,SDSSJ1456+5702,SE14.1
6.949999999999999,1.8499999999999999,-1.8499999999999999,3.2875,1.4049999999999998,-1.4049999999999998,WL,0.484,SDSSJ1456+5702,OG12.1
2.765,0.81,-0.81,28.8525,10.375,-10.375,WL+SL,0.484,SDSSJ1456+5702,OG12.1
5.4,1.6,-1.6,12.7,5.1,-5.1,WL+SL,0.49,SDSSJ1632+3500,SE14.1
4.475,1.5699999999999998,-1.5699999999999998,9.6875,5.165,-5.165,WL,0.49,SDSSJ1632+3500,OG12.1
4.22,1.42,-1.42,11.4275,3.995,-3.995,WL+SL,0.49,SDSSJ1632+3500,OG12.1
61.97,5.92,-5.92,6.327500000000001,0.645,-0.645,X-ray,0.494,MACSJ1311.0-0311,BA14.1
5.3,0.4,-0.4,5.3,1.1,-1.1,WL+SL,0.494,MACSJ1311.0-0311,ME14.1
8.4375,3.435,-3.435,5.505,1.4100000000000001,-1.4100000000000001,X-ray,0.494,MACSJ1311.0-0311,SC07.1
9.299999999999999,3.9,-3.9,3.0,1.8,-1.8,WL,0.5,WARP J0030.5+2618,IS10.1
8.1,3.3,-3.3,3.7,1.9,-1.9,WL+SL,0.517,SDSSJ1152+0930,SE14.1
8.005,3.08,-3.08,2.005,1.1,-1.1,WL,0.517,SDSSJ1152+0930,OG12.1
6.2075000000000005,2.255,-2.255,3.7449999999999997,0.79,-0.79,WL+SL,0.517,SDSSJ1152+0930,OG12.1
55.9775,5.475,-5.475,4.0025,0.765,-0.765,X-ray,0.543,MACSJ1423.8+2404,BA14.1
6.5,1.1,-1.1,5.7,2.8,-2.8,WL+SL,0.543,MACSJ1423.8+2404,ME14.1
6.092499999999999,1.055,-1.055,8.845,0.8600000000000001,-0.8600000000000001,X-ray,0.543,MACSJ1423.8+2404,SC07.1
31.0,5.8,-5.8,3.2,0.5,-0.5,WL,0.544,MACS J1149.5+2223,SE14.1
31.7,5.0,-5.0,6.1,1.4,-1.4,WL,0.546,MACS J0717.5+3745,SE14.1
105.0,84.0,-84.0,5.11,4.088,-4.088,X-ray,0.546,MS 0015.9+1609,MO99.1
20.0,2.0,-2.0,6.4,0.3,-0.3,SL,0.55,MS 0451.6-0305,CO07.1
8.5,2.4,-2.4,7.8,1.5,-1.5,WL+SL,0.561,SDSSJ1209+2640,SE14.1
7.295,2.27,-2.27,6.83,2.9699999999999998,-2.9699999999999998,WL,0.561,SDSSJ1209+2640,OG12.1
6.315,1.6400000000000001,-1.6400000000000001,8.105,1.42,-1.42,WL+SL,0.561,SDSSJ1209+2640,OG12.1
4.375,1.0,-1.0,1.0575,0.034999999999999996,-0.034999999999999996,X-ray,0.57,RXJ0848.7+4456,BA14.1
2.2624999999999997,0.5349999999999999,-0.5349999999999999,30.65,10.8,-10.8,WL+SL,0.584,SDSSJ1029+2623,OG13.1
3.1,0.8,-0.8,10.6,4.9,-4.9,WL+SL,0.584,SDSSJ1029+2623,SE14.1
2.0975,0.665,-0.665,18.605,9.77,-9.77,WL,0.584,SDSSJ1029+2623,OG12.1
2.095,0.62,-0.62,15.1325,6.865,-6.865,WL+SL,0.584,SDSSJ1029+2623,OG12.1
5.7,1.6,-1.6,14.1,5.1,-5.1,WL+SL,0.588,SDSSJ1315+5439,SE14.1
4.69,1.6400000000000001,-1.6400000000000001,17.9675,10.285,-10.285,WL,0.588,SDSSJ1315+5439,OG12.1
4.58,1.52,-1.52,18.2925,8.575,-8.575,WL+SL,0.588,SDSSJ1315+5439,OG12.1
117.7075,12.415,-12.415,2.0275,0.475,-0.475,X-ray,0.589,MACSJ2129.4-0741,BA14.1
12.5,3.5,-3.5,8.4,3.0,-3.0,WL,0.59,MACSJ0647.7+7015,SE14.1
116.2025,12.515,-12.515,1.2375,0.14500000000000002,-0.14500000000000002,X-ray,0.59,MACSJ0647.7+7015,BA14.1
8.3,2.2,-2.2,11.6,4.9,-4.9,WL+SL,0.6,SDSSJ1050+0017,SE14.1
7.035,1.8399999999999999,-1.8399999999999999,9.2425,4.005,-4.005,WL,0.6,SDSSJ1050+0017,OG12.1
7.08,1.81,-1.81,9.2375,3.475,-3.475,WL+SL,0.6,SDSSJ1050+0017,OG12.1
10.0,3.2,-3.2,5.0,1.3,-1.3,WL+SL,0.607,SDSSJ1420+3955,SE14.1
7.2275,1.995,-1.995,11.7925,4.805,-4.805,WL,0.607,SDSSJ1420+3955,OG12.1
7.965,2.28,-2.28,4.825,1.15,-1.15,WL+SL,0.607,SDSSJ1420+3955,OG12.1
3.5,0.3,-0.3,5.0,0.2,-0.2,SL,0.62,3C 220.1,CO07.1
13.225000000000001,7.85,-7.85,26.425,17.05,-17.05,SL,0.638,SDSSJ2111-0114,OG09.1
9.874999999999998,3.65,-3.65,26.4,17.7,-17.7,WL,0.638,SDSSJ2111-0114,OG09.1
9.874999999999998,3.65,-3.65,26.549999999999997,17.6,-17.6,WL+SL,0.638,SDSSJ2111-0114,OG09.1
6.3,3.2,-3.2,5.9,4.3,-4.3,WL+SL,0.638,SDSSJ2111-0114,SE14.1
6.36,2.3600000000000003,-2.3600000000000003,2.4124999999999996,1.345,-1.345,WL,0.638,SDSSJ2111-0114,OG12.1
5.6175,2.185,-2.185,5.945,2.39,-2.39,WL+SL,0.638,SDSSJ2111-0114,OG12.1
14.182500000000001,1.855,-1.855,7.2725,0.835,-0.835,X-ray,0.64,RCSJ1419.2+5326,BA14.1
4.7,2.1,-2.1,13.9,5.5,-5.5,WL+SL,0.659,SDSSJ1110+6459,SE14.1
3.1799999999999997,1.41,-1.41,18.22,15.7,-15.7,WL,0.659,SDSSJ1110+6459,OG12.1
3.3475,1.685,-1.685,23.680000000000003,16.560000000000002,-16.560000000000002,WL+SL,0.659,SDSSJ1110+6459,OG12.1
2.8,2.1,-2.1,9.7,4.9,-4.9,WL+SL,0.68,SDSSJ1004+4112,SE14.1
4.635,3.13,-3.13,24.310000000000002,17.0,-17.0,WL,0.68,SDSSJ1004+4112,OG12.1
2.9450000000000003,1.92,-1.92,14.875,7.5,-7.5,WL+SL,0.68,SDSSJ1004+4112,OG12.1
4.25,3.4000000000000004,-3.4000000000000004,6.0,4.800000000000001,-4.800000000000001,SL,0.68,SDSSJ1004+4112,WI04.1
14.0,3.8,-3.8,8.1,2.9,-2.9,WL+SL,0.686,MACSJ0744.9+3927,SE14.1
136.51000000000002,9.44,-9.44,1.415,0.32,-0.32,X-ray,0.686,MACSJ0744.9+3927,BA14.1
7.9,0.4,-0.4,4.8,1.1,-1.1,WL+SL,0.686,MACSJ0744.9+3927,ME14.1
11.294999999999998,4.59,-4.59,5.2575,1.405,-1.405,X-ray,0.686,MACSJ0744.9+3927,SC07.1
55.7375,5.0649999999999995,-5.0649999999999995,2.8325,0.425,-0.425,X-ray,0.7,RXJ1221.4+4918,BA14.1
6.2299999999999995,0.69,-0.69,3.8325,0.835,-0.835,X-ray,0.72,RXJ1113.1-2615,BA14.1
6.2375,0.675,-0.675,3.7575000000000003,0.585,-0.585,X-ray,0.735,RCSJ1107.3-0523,BA14.1
11.8475,1.365,-1.365,3.22,0.29,-0.29,X-ray,0.778,RCSJ0224-0002,BA14.1
10.4,5.4,-5.4,4.1,2.1,-2.1,WL+SL,0.78,CLG 1137.5+6625,SE14.1
35.3375,4.4350000000000005,-4.4350000000000005,1.4224999999999999,0.21500000000000002,-0.21500000000000002,X-ray,0.78,RCSJ2318.5+0034,BA14.1
7.2,0.8,-0.8,3.8,0.2,-0.2,SL,0.783,MS 1137.5+6625,CO07.1
5.5,4.0,-4.0,5.7,5.2,-5.2,WL,0.81,RX J1716.6+6708,SE14.1
28.1,22.5,-22.5,1.1,0.9,-0.9,WL,0.83,MS 1054-0321,SE14.1
3.1,0.7,-0.7,12.6,4.3,-4.3,WL+SL,0.84,CL J0152-1357,SE14.1
8.334999999999999,1.14,-1.14,4.987500000000001,0.815,-0.815,X-ray,0.87,RCSJ1620.2+2929,BA14.1
11.1,2.6,-2.6,4.8,1.2,-1.2,WL+SL,0.89,CLJ 1226.9+3332,SE14.1
17.2,1.1,-1.1,4.5,1.1,-1.1,WL+SL,0.89,CLJ 1226.9+3332,ME14.1
162.6625,18.665,-18.665,2.3200000000000003,0.39,-0.39,X-ray,0.89,CLJ 1226.9+3332,BA14.1
7.5,1.5,-1.5,9.100000000000001,1.7,-1.7,X-ray,0.89,CLJ 1226.9+3332,MA07.1
4.2,2.6,-2.6,10.5,6.4,-6.4,WL,0.9,CLJ1604+4304,SE14.1
44.93,5.29,-5.29,3.7275,0.635,-0.635,X-ray,0.904,RCS J2319.8+0038,BA14.1
2.5,1.0,-1.0,12.8,5.3,-5.3,WL+SL,0.904,RCS J2319.8+0038,SE14.1
3.2,1.5,-1.5,8.1,5.4,-5.4,WL,0.951,RCSJ0439-2904,SE14.1
4.41,0.45999999999999996,-0.45999999999999996,4.680000000000001,0.26,-0.26,X-ray,0.951,RCSJ0439-2904,BA14.1
9.7,4.6,-4.6,14.625,9.05,-9.05,WL,0.97,XMMU J1230.3+1339,LE11.1
27.5,18.8,-18.8,2.4,2.3,-2.3,WL,0.97,XMMU J1230.3+1339,SE14.1
1.7,0.8,-0.8,12.6,6.0,-6.0,WL,0.97,RCS J1511.0+0903,SE14.1
43.3,35.2,-35.2,0.6,0.7,-0.7,WL,0.98,XMMU J1229.4+0151,SE14.1
1.7,0.6,-0.6,12.8,5.7,-5.7,WL,1.02,RCS 0221-0321,SE14.1
4.3,2.4,-2.4,6.2,4.8,-4.8,WL,1.03,RCS J0220.9-0333,SE14.1
3.6,2.6,-2.6,4.5,2.3,-2.3,WL+SL,1.03,WARP J1415.1+3612,SE14.1
2.5,2.0,-2.0,3.0,2.9,-2.9,WL,1.04,RCS J2345-3632,SE14.1
1.0,0.8,-0.8,8.7,5.9,-5.9,WL+SL,1.07,RCS J2156.7-0448,SE14.1
6.5,6.1,-6.1,3.7,4.3,-4.3,WL,1.1,RCS J0337-2844,SE14.1
70.75500000000001,7.23,-7.23,2.99,0.26,-0.26,X-ray,1.11,RXJ0910.7+5422,BA14.1
3.5,1.5,-1.5,7.3,4.2,-4.2,WL,1.11,RXJ0910.7+5422,SE14.1
8.2,6.2,-6.2,2.2,1.7,-1.7,WL,1.11,ISCS J1432.4+3332,SE14.1
2.2,1.5,-1.5,5.2,3.6,-3.6,WL,1.12,XMMU J2205.8-0159,SE14.1
29.8,28.2,-28.2,0.9,1.0,-1.0,WL,1.22,XLSS J0223-0436,SE14.1
6.8,1.9,-1.9,5.0,1.8,-1.8,WL+SL,1.24,RDCS J1252-2927,SE14.1
2.4,2.1,-2.1,6.5,6.6,-6.6,WL,1.24,ISCS J1434.5+3427,SE14.1
3.7,1.8,-1.8,3.1,1.1,-1.1,WL+SL,1.26,RDCS J0849+4452,SE14.1
48.8,41.4,-41.4,0.5,0.6,-0.6,WL,1.26,ISCS J1429.3+3437,SE14.1
5.535,0.65,-0.65,1.2875,0.11499999999999999,-0.11499999999999999,X-ray,1.26,RXJ0849+4452,BA14.1
2.3,2.8,-2.8,3.1,4.8,-4.8,WL,1.27,RDCS J0848+4453,SE14.1
3.6,3.0,-3.0,5.8,5.9,-5.9,WL,1.36,ISCS J1432.6+3436,SE14.1
13.0,20.1,-20.1,0.8,1.0,-1.0,WL,1.37,ISCS J1434.7+3519,SE14.1
13.9,13.2,-13.2,2.3,1.5,-1.5,WL+SL,1.39,XMMU J2235.3-2557,SE14.1
2.7,2.2,-2.2,7.5,6.3,-6.3,WL,1.41,ISCS J1438.1+3414,SE14.1
337.165,33.269999999999996,-33.269999999999996,0.6075,0.075,-0.075,X-ray,1.41,ISCS J1438.1+3414,BA14.1
2.8,1.7,-1.7,9.4,6.3,-6.3,WL,1.45,XMMXCS J2215.9-1738,SE14.1
